antecedents,consequents,antecedent support,consequent support,support,confidence,lift,leverage,conviction
frozenset({'HAND WARMER OWL DESIGN'}),frozenset({'HAND WARMER BIRD DESIGN'}),0.08765859284890427,0.11303344867358708,0.05190311418685121,0.5921052631578947,5.238319011815252,0.04199476113126572,2.174498641961528
frozenset({'HAND WARMER BIRD DESIGN'}),frozenset({'HAND WARMER OWL DESIGN'}),0.11303344867358708,0.08765859284890427,0.05190311418685121,0.4591836734693877,5.238319011815252,0.04199476113126572,1.6869709037888183
frozenset({'HAND WARMER SCOTTY DOG DESIGN'}),frozenset({'HAND WARMER BIRD DESIGN'}),0.08881199538638986,0.11303344867358708,0.05190311418685121,0.5844155844155844,5.1702888947786905,0.04186438806474486,2.134263264129181
frozenset({'HAND WARMER BIRD DESIGN'}),frozenset({'HAND WARMER SCOTTY DOG DESIGN'}),0.11303344867358708,0.08881199538638986,0.05190311418685121,0.4591836734693877,5.17028889477869,0.04186438806474486,1.6848381972100714
frozenset({'HAND WARMER OWL DESIGN'}),frozenset({'HAND WARMER SCOTTY DOG DESIGN'}),0.08765859284890427,0.08881199538638986,0.05767012687427912,0.6578947368421052,7.407723855092275,0.04988499233060481,2.663472628870552
frozenset({'HAND WARMER SCOTTY DOG DESIGN'}),frozenset({'HAND WARMER OWL DESIGN'}),0.08881199538638986,0.08765859284890427,0.05767012687427912,0.6493506493506493,7.407723855092276,0.04988499233060481,2.6018625315049766
"frozenset({""PAPER CHAIN KIT 50'S CHRISTMAS ""})",frozenset({'PAPER CHAIN KIT VINTAGE CHRISTMAS'}),0.10149942329873125,0.07958477508650519,0.05190311418685121,0.5113636363636364,6.425395256916996,0.0438253054122117,1.8836404602880823
frozenset({'PAPER CHAIN KIT VINTAGE CHRISTMAS'}),"frozenset({""PAPER CHAIN KIT 50'S CHRISTMAS ""})",0.07958477508650519,0.10149942329873125,0.05190311418685121,0.6521739130434783,6.425395256916996,0.0438253054122117,2.5831891580161477
